pipeline,domain,sector,url_requested,captured_at,evidence_folder,status,score,risk_level,findings_count,confirmed_count,suspected_count,finding_categories,banner_detected,banner_selector,has_accept_all,has_reject_all,has_manage_options,accept_reject_ratio,banner_buttons_count,dismiss_method,pref_panel_opened,pref_total_checkboxes,pref_pre_checked,total_buttons_on_page,pre_selected_on_page,forms_count,visible_text_chars,ground_truth,ground_truth_patterns
claude,casa.sapo.pt,Unknown,https://casa.sapo.pt,2026-06-15T22:27:21,/home/uxray/uxray/code/evidence/casa.sapo.pt_20260615_222721,completed,4.0,Medium,2,0,2,"manipulative_consent,preselection",True,[role='dialog'][aria-modal='true'],False,False,False,,2,close_button,False,0,0,276,1,0,4830,,
claude,expresso.pt,News,https://expresso.pt,2026-06-15T22:24:08,/home/uxray/uxray/code/evidence/expresso.pt_20260615_222408,blocked,,,0,0,0,,False,,False,False,False,,0,,False,0,0,0,0,0,0,blocked,
claude,sicnoticias.pt,Unknown,https://sicnoticias.pt,2026-06-15T22:25:47,/home/uxray/uxray/code/evidence/sicnoticias.pt_20260615_222547,blocked,,,0,0,0,,False,,False,False,False,,0,,False,0,0,0,0,0,0,,
claude,sigarra.up.pt,Unknown,https://sigarra.up.pt/up,2026-06-15T22:31:00,/home/uxray/uxray/code/evidence/sigarra.up.pt_20260615_223100,completed,2.5,Low,1,0,1,manipulative_consent,False,,False,False,False,,0,,False,0,0,41,0,1,1478,,
claude,www.activobank.pt,Unknown,https://www.activobank.pt,2026-06-15T22:19:08,/home/uxray/uxray/code/evidence/www.activobank.pt_20260615_221908,completed,4.5,Medium,2,1,1,"interface_interference,manipulative_consent",True,#onetrust-banner-sdk,True,True,True,1.53,3,escape_key,True,7,0,129,0,1,4453,,
claude,www.adecco.pt,Unknown,https://www.adecco.pt,2026-06-15T22:36:15,/home/uxray/uxray/code/evidence/www.adecco.pt_20260615_223615,completed,2.5,Low,1,0,1,manipulative_consent,False,,False,False,False,,0,,False,0,0,53,0,0,3562,,
claude,www.ageas.pt,Insurance,https://www.ageas.pt,2026-06-15T22:19:44,/home/uxray/uxray/code/evidence/www.ageas.pt_20260615_221944,blocked,,,0,0,0,,False,,False,False,False,,0,,False,0,0,0,0,0,0,blocked,
claude,www.airbnb.pt,Unknown,https://www.airbnb.pt,2026-06-15T22:34:16,/home/uxray/uxray/code/evidence/www.airbnb.pt_20260615_223416,blocked,,,0,0,0,,False,,False,False,False,,0,,False,0,0,0,0,0,0,,
claude,www.aldi.pt,Unknown,https://www.aldi.pt,2026-06-15T22:36:31,/home/uxray/uxray/code/evidence/www.aldi.pt_20260615_223631,completed,2.5,Low,1,0,1,manipulative_consent,True,[aria-label*='cookie' i],False,False,False,,0,escape_key,False,0,0,96,0,3,2324,,
claude,www.aliexpress.com,Unknown,https://www.aliexpress.com,2026-06-15T22:48:56,/home/uxray/uxray/code/evidence/www.aliexpress.com_20260615_224856,completed,7.0,High,3,0,3,"manipulative_consent,obstruction",True,[aria-label*='privacidade' i],False,False,False,,0,escape_key,False,0,0,239,0,0,27796,,
claude,www.allianz.pt,Unknown,https://www.allianz.pt,2026-06-15T22:19:54,/home/uxray/uxray/code/evidence/www.allianz.pt_20260615_221954,completed,2.5,Low,1,0,1,manipulative_consent,True,#onetrust-banner-sdk,True,True,False,1.0,3,reject_all,False,0,0,169,0,0,5023,,
claude,www.alternate.pt,Unknown,https://www.alternate.pt,2026-06-15T22:38:26,/home/uxray/uxray/code/evidence/www.alternate.pt_20260615_223826,completed,0.0,None detected,0,0,0,,True,[role='dialog'][aria-modal='true'],False,False,False,,3,escape_key,False,0,0,208,0,6,7887,,
claude,www.amazon.es,Unknown,https://www.amazon.es,2026-06-15T22:48:46,/home/uxray/uxray/code/evidence/www.amazon.es_20260615_224846,completed,4.5,Medium,2,0,2,"manipulative_consent,urgency_scarcity",False,,False,False,False,,0,,False,0,0,210,0,3,6757,,
claude,www.antena1.rtp.pt,Unknown,https://www.antena1.rtp.pt,2026-06-15T22:51:36,/home/uxray/uxray/code/evidence/www.antena1.rtp.pt_20260615_225136,failed,,,0,0,0,,False,,False,False,False,,0,,False,0,0,0,0,0,0,,
claude,www.antena3.rtp.pt,Unknown,https://www.antena3.rtp.pt,2026-06-15T22:51:37,/home/uxray/uxray/code/evidence/www.antena3.rtp.pt_20260615_225137,failed,,,0,0,0,,False,,False,False,False,,0,,False,0,0,0,0,0,0,,
claude,www.apple.com,Unknown,https://www.apple.com/pt,2026-06-15T22:32:01,/home/uxray/uxray/code/evidence/www.apple.com_20260615_223201,completed,4.5,Medium,2,0,2,"manipulative_consent,obstruction",False,,False,False,False,,0,,False,0,0,265,0,1,2910,,
claude,www.asos.com,Unknown,https://www.asos.com/pt,2026-06-15T22:46:54,/home/uxray/uxray/code/evidence/www.asos.com_20260615_224654,completed,0.0,None detected,0,0,0,,False,,False,False,False,,0,,False,0,0,0,0,0,196,,
claude,www.auchan.pt,Supermarket,https://www.auchan.pt,2026-06-15T22:21:39,/home/uxray/uxray/code/evidence/www.auchan.pt_20260615_222139,completed,2.5,Low,1,1,0,manipulative_consent,True,#onetrust-banner-sdk,True,False,False,,2,escape_key,False,0,0,900,0,2,11136,confirmed,"interface_interference,manipulative_consent"
claude,www.axa.pt,Unknown,https://www.axa.pt,2026-06-15T22:20:13,/home/uxray/uxray/code/evidence/www.axa.pt_20260615_222013,failed,,,0,0,0,,False,,False,False,False,,0,,False,0,0,0,0,0,0,,
claude,www.bancobpi.pt,Unknown,https://www.bancobpi.pt,2026-06-15T22:18:53,/home/uxray/uxray/code/evidence/www.bancobpi.pt_20260615_221853,completed,2.5,Low,1,0,1,manipulative_consent,False,,False,False,False,,0,,False,0,0,166,0,1,3497,,
claude,www.bancocttt.pt,Unknown,https://www.bancocttt.pt,2026-06-15T22:19:26,/home/uxray/uxray/code/evidence/www.bancocttt.pt_20260615_221926,failed,,,0,0,0,,False,,False,False,False,,0,,False,0,0,0,0,0,0,,
claude,www.bankinter.pt,Unknown,https://www.bankinter.pt,2026-06-15T22:19:28,/home/uxray/uxray/code/evidence/www.bankinter.pt_20260615_221928,completed,4.0,Medium,2,0,2,"manipulative_consent,preselection",False,,False,False,False,,0,,False,0,0,547,2,3,5058,,
claude,www.bbc.com,Unknown,https://www.bbc.com/portuguese,2026-06-15T22:53:05,/home/uxray/uxray/code/evidence/www.bbc.com_20260615_225305,completed,4.5,Medium,2,0,2,"manipulative_consent,urgency_scarcity",True,[id*='consent-banner'],False,False,False,,1,escape_key,False,0,0,146,0,0,10908,,
claude,www.benetton.com,Unknown,https://www.benetton.com/pt,2026-06-15T22:42:53,/home/uxray/uxray/code/evidence/www.benetton.com_20260615_224253,blocked,,,0,0,0,,False,,False,False,False,,0,,False,0,0,0,0,0,0,,
claude,www.bershka.com,Unknown,https://www.bershka.com/pt,2026-06-15T22:43:39,/home/uxray/uxray/code/evidence/www.bershka.com_20260615_224339,completed,0.0,None detected,0,0,0,,False,,False,False,False,,0,,False,0,0,0,0,0,199,,
claude,www.billa.pt,Unknown,https://www.billa.pt,2026-06-15T22:36:39,/home/uxray/uxray/code/evidence/www.billa.pt_20260615_223639,failed,,,0,0,0,,False,,False,False,False,,0,,False,0,0,0,0,0,0,,
claude,www.bolt.eu,Unknown,https://www.bolt.eu/pt-pt,2026-06-15T22:34:10,/home/uxray/uxray/code/evidence/www.bolt.eu_20260615_223410,completed,4.0,Medium,2,0,2,"manipulative_consent,preselection",False,,False,False,False,,0,,False,0,0,214,1,0,5012,,
claude,www.booking.com,Travel,https://www.booking.com,2026-06-15T22:23:07,/home/uxray/uxray/code/evidence/www.booking.com_20260615_222307,completed,6.5,Medium,3,0,3,"manipulative_consent,obstruction,urgency_scarcity",True,[role='dialog'][aria-modal='true'],False,False,False,,1,escape_key,False,0,0,335,0,1,9678,none,
claude,www.bosch-home.com,Unknown,https://www.bosch-home.com/pt,2026-06-15T22:39:19,/home/uxray/uxray/code/evidence/www.bosch-home.com_20260615_223919,completed,0.0,None detected,0,0,0,,False,,False,False,False,,0,,False,0,0,0,0,0,239,,
claude,www.bricomarche.pt,Unknown,https://www.bricomarche.pt,2026-06-15T22:31:50,/home/uxray/uxray/code/evidence/www.bricomarche.pt_20260615_223150,blocked,,,0,0,0,,False,,False,False,False,,0,,False,0,0,0,0,0,0,,
claude,www.c-and-a.com,Unknown,https://www.c-and-a.com/pt,2026-06-15T22:46:43,/home/uxray/uxray/code/evidence/www.c-and-a.com_20260615_224643,completed,4.5,Medium,2,0,2,"manipulative_consent,urgency_scarcity",True,[role='dialog'][aria-modal='true'],False,False,False,,3,close_button,False,0,0,78,0,0,7403,,
claude,www.calvinklein.pt,Unknown,https://www.calvinklein.pt,2026-06-15T22:41:53,/home/uxray/uxray/code/evidence/www.calvinklein.pt_20260615_224153,failed,,,0,0,0,,False,,False,False,False,,0,,False,0,0,0,0,0,0,,
claude,www.casacerta.pt,Unknown,https://www.casacerta.pt,2026-06-15T22:27:28,/home/uxray/uxray/code/evidence/www.casacerta.pt_20260615_222728,completed,4.0,Medium,2,0,2,"manipulative_consent,preselection",False,,False,False,False,,0,,False,0,0,403,2,1,6931,,
claude,www.century21.pt,Unknown,https://www.century21.pt,2026-06-15T22:27:13,/home/uxray/uxray/code/evidence/www.century21.pt_20260615_222713,completed,4.0,Medium,2,1,1,"manipulative_consent,preselection",True,#CybotCookiebotDialog,True,False,False,,24,escape_key,False,0,0,176,2,0,2660,,
claude,www.cetelem.pt,Unknown,https://www.cetelem.pt,2026-06-15T22:30:11,/home/uxray/uxray/code/evidence/www.cetelem.pt_20260615_223011,completed,6.5,Medium,3,0,3,"manipulative_consent,obstruction",True,#onetrust-banner-sdk,False,False,True,,4,escape_key,True,8,0,141,0,2,6820,,
claude,www.cgd.pt,Banking,https://www.cgd.pt,2026-06-15T22:11:46,/home/uxray/uxray/code/evidence/www.cgd.pt_20260615_221146,completed,2.5,Low,1,1,0,manipulative_consent,True,#onetrust-banner-sdk,True,False,False,,2,escape_key,False,0,0,443,0,7,4920,confirmed,manipulative_consent
claude,www.cgd.pt,Banking,https://www.cgd.pt,2026-06-15T22:12:58,/home/uxray/uxray/code/evidence/www.cgd.pt_20260615_221258,completed,2.5,Low,1,1,0,manipulative_consent,True,#onetrust-banner-sdk,True,False,False,,2,escape_key,False,0,0,443,0,7,4920,confirmed,manipulative_consent
claude,www.cgd.pt,Banking,https://www.cgd.pt,2026-06-15T22:17:49,/home/uxray/uxray/code/evidence/www.cgd.pt_20260615_221749,completed,2.5,Low,1,1,0,manipulative_consent,True,#onetrust-banner-sdk,True,False,False,,2,escape_key,False,0,0,443,0,7,4920,confirmed,manipulative_consent
claude,www.cgd.pt,Banking,https://www.cgd.pt,2026-06-15T22:18:07,/home/uxray/uxray/code/evidence/www.cgd.pt_20260615_221807,completed,2.5,Low,1,1,0,manipulative_consent,True,#onetrust-banner-sdk,True,False,False,,2,escape_key,False,0,0,443,0,7,4920,confirmed,manipulative_consent
claude,www.cmjornal.pt,Unknown,https://www.cmjornal.pt,2026-06-15T22:24:36,/home/uxray/uxray/code/evidence/www.cmjornal.pt_20260615_222436,completed,10.0,High,5,1,4,"manipulative_consent,obstruction,preselection",True,[aria-label*='consent' i],False,False,True,,8,escape_key,True,396,101,1367,101,2,28893,,
claude,www.cmtv.pt,Unknown,https://www.cmtv.pt,2026-06-15T22:25:51,/home/uxray/uxray/code/evidence/www.cmtv.pt_20260615_222551,completed,0.0,None detected,0,0,0,,False,,False,False,False,,0,,False,0,0,11,0,0,269,,
claude,www.cnn.pt,Unknown,https://www.cnn.pt,2026-06-15T22:52:04,/home/uxray/uxray/code/evidence/www.cnn.pt_20260615_225204,failed,,,0,0,0,,False,,False,False,False,,0,,False,0,0,0,0,0,0,,
claude,www.cofidis.pt,Unknown,https://www.cofidis.pt,2026-06-15T22:30:02,/home/uxray/uxray/code/evidence/www.cofidis.pt_20260615_223002,completed,2.5,Low,1,0,1,manipulative_consent,True,[aria-label*='privacidade' i],False,False,False,,0,escape_key,False,0,0,108,0,0,5906,,
claude,www.continente.pt,Supermarket,https://www.continente.pt,2026-06-15T22:20:58,/home/uxray/uxray/code/evidence/www.continente.pt_20260615_222058,completed,4.0,Medium,2,1,1,"manipulative_consent,preselection",True,#CybotCookiebotDialog,True,False,True,,65,reject_all,True,10,0,1995,2,2,12801,confirmed,"obstruction,manipulative_consent"
claude,www.coolblue.pt,Unknown,https://www.coolblue.pt,2026-06-15T22:38:34,/home/uxray/uxray/code/evidence/www.coolblue.pt_20260615_223834,failed,,,0,0,0,,False,,False,False,False,,0,,False,0,0,0,0,0,0,,
claude,www.costco.pt,Unknown,https://www.costco.pt,2026-06-15T22:36:56,/home/uxray/uxray/code/evidence/www.costco.pt_20260615_223656,failed,,,0,0,0,,False,,False,False,False,,0,,False,0,0,0,0,0,0,,
claude,www.decathlon.pt,Unknown,https://www.decathlon.pt,2026-06-15T22:22:20,/home/uxray/uxray/code/evidence/www.decathlon.pt_20260615_222220,blocked,,,0,0,0,,False,,False,False,False,,0,,False,0,0,0,0,0,0,,
claude,www.desigual.com,Unknown,https://www.desigual.com/pt_PT,2026-06-15T22:42:59,/home/uxray/uxray/code/evidence/www.desigual.com_20260615_224259,blocked,,,0,0,0,,False,,False,False,False,,0,,False,0,0,0,0,0,0,,
claude,www.deutsche-bank.pt,Unknown,https://www.deutsche-bank.pt,2026-06-15T22:19:34,/home/uxray/uxray/code/evidence/www.deutsche-bank.pt_20260615_221934,failed,,,0,0,0,,False,,False,False,False,,0,,False,0,0,0,0,0,0,,
claude,www.dinheirovivo.pt,Unknown,https://www.dinheirovivo.pt,2026-06-15T22:51:46,/home/uxray/uxray/code/evidence/www.dinheirovivo.pt_20260615_225146,completed,2.5,Low,1,0,1,manipulative_consent,False,,False,False,False,,0,,False,0,0,209,0,0,5952,,
claude,www.dn.pt,Unknown,https://www.dn.pt,2026-06-15T22:24:11,/home/uxray/uxray/code/evidence/www.dn.pt_20260615_222411,completed,2.5,Low,1,0,1,manipulative_consent,False,,False,False,False,,0,,False,0,0,264,0,0,6235,,
claude,www.dott.pt,Unknown,https://www.dott.pt,2026-06-15T22:33:57,/home/uxray/uxray/code/evidence/www.dott.pt_20260615_223357,blocked,,,0,0,0,,False,,False,False,False,,0,,False,0,0,0,0,0,0,,
claude,www.easyjet.com,Unknown,https://www.easyjet.com,2026-06-15T22:23:24,/home/uxray/uxray/code/evidence/www.easyjet.com_20260615_222324,completed,0.0,None detected,0,0,0,,False,,False,False,False,,0,,False,0,0,0,0,0,197,,
claude,www.easyjet.com,Unknown,https://www.easyjet.com/pt,2026-06-15T22:34:31,/home/uxray/uxray/code/evidence/www.easyjet.com_20260615_223431,completed,0.0,None detected,0,0,0,,False,,False,False,False,,0,,False,0,0,0,0,0,199,,
claude,www.ebay.pt,Unknown,https://www.ebay.pt,2026-06-15T22:48:51,/home/uxray/uxray/code/evidence/www.ebay.pt_20260615_224851,failed,,,0,0,0,,False,,False,False,False,,0,,False,0,0,0,0,0,0,,
claude,www.eco.pt,Unknown,https://www.eco.pt,2026-06-15T22:51:51,/home/uxray/uxray/code/evidence/www.eco.pt_20260615_225151,completed,6.0,Medium,3,0,3,"manipulative_consent,obstruction,preselection",True,[role='dialog'][aria-modal='true'],False,False,True,,3,escape_key,True,0,0,435,3,7,6688,,
claude,www.edp.pt,Utilities,https://www.edp.pt,2026-06-15T22:25:57,/home/uxray/uxray/code/evidence/www.edp.pt_20260615_222557,blocked,,,0,0,0,,False,,False,False,False,,0,,False,0,0,0,0,0,0,blocked,
claude,www.el-corte-ingles.pt,Unknown,https://www.el-corte-ingles.pt,2026-06-15T22:36:55,/home/uxray/uxray/code/evidence/www.el-corte-ingles.pt_20260615_223655,failed,,,0,0,0,,False,,False,False,False,,0,,False,0,0,0,0,0,0,,
claude,www.electrolux.pt,Unknown,https://www.electrolux.pt,2026-06-15T22:40:12,/home/uxray/uxray/code/evidence/www.electrolux.pt_20260615_224012,blocked,,,0,0,0,,False,,False,False,False,,0,,False,0,0,0,0,0,0,,
claude,www.endesa.pt,Unknown,https://www.endesa.pt,2026-06-15T22:26:11,/home/uxray/uxray/code/evidence/www.endesa.pt_20260615_222611,blocked,,,0,0,0,,False,,False,False,False,,0,,False,0,0,0,0,0,0,,
claude,www.eportuguese.gov.pt,Unknown,https://www.eportuguese.gov.pt,2026-06-15T22:31:24,/home/uxray/uxray/code/evidence/www.eportuguese.gov.pt_20260615_223124,failed,,,0,0,0,,False,,False,False,False,,0,,False,0,0,0,0,0,0,,
claude,www.era.pt,Unknown,https://www.era.pt,2026-06-15T22:27:02,/home/uxray/uxray/code/evidence/www.era.pt_20260615_222702,completed,2.5,Low,1,0,1,manipulative_consent,False,,False,False,False,,0,,False,0,0,261,0,1,20951,,
claude,www.etsy.com,Unknown,https://www.etsy.com/pt,2026-06-15T22:48:53,/home/uxray/uxray/code/evidence/www.etsy.com_20260615_224853,blocked,,,0,0,0,,False,,False,False,False,,0,,False,0,0,0,0,0,0,,
claude,www.europcar.pt,Unknown,https://www.europcar.pt,2026-06-15T22:35:18,/home/uxray/uxray/code/evidence/www.europcar.pt_20260615_223518,completed,6.0,Medium,3,0,3,"manipulative_consent,obstruction,preselection",True,#didomi-popup,False,False,False,,3,close_button,False,0,0,212,2,1,3760,,
claude,www.expedia.pt,Unknown,https://www.expedia.pt,2026-06-15T22:24:02,/home/uxray/uxray/code/evidence/www.expedia.pt_20260615_222402,failed,,,0,0,0,,False,,False,False,False,,0,,False,0,0,0,0,0,0,,
claude,www.farfetch.com,Unknown,https://www.farfetch.com/pt,2026-06-15T22:33:36,/home/uxray/uxray/code/evidence/www.farfetch.com_20260615_223336,blocked,,,0,0,0,,False,,False,False,False,,0,,False,0,0,0,0,0,0,,
claude,www.feber.com,Unknown,https://www.feber.com/pt,2026-06-15T22:38:12,/home/uxray/uxray/code/evidence/www.feber.com_20260615_223812,completed,2.5,Low,1,0,1,manipulative_consent,False,,False,False,False,,0,,False,0,0,67,0,0,979,,
claude,www.fidelidade.pt,Insurance,https://www.fidelidade.pt,2026-06-15T22:19:35,/home/uxray/uxray/code/evidence/www.fidelidade.pt_20260615_221935,completed,2.5,Low,1,1,0,manipulative_consent,True,#onetrust-banner-sdk,True,False,False,,2,escape_key,False,0,0,636,0,1,5462,confirmed,"interface_interference,manipulative_consent"
claude,www.flytap.com,Airline,https://www.flytap.com,2026-06-15T22:22:58,/home/uxray/uxray/code/evidence/www.flytap.com_20260615_222258,completed,8.0,High,4,1,3,"manipulative_consent,obstruction,preselection,urgency_scarcity",True,#onetrust-banner-sdk,True,False,False,,2,escape_key,False,0,0,163,1,1,4193,confirmed,"preselection,manipulative_consent"
claude,www.fnac.pt,Electronics retail,https://www.fnac.pt,2026-06-15T22:22:03,/home/uxray/uxray/code/evidence/www.fnac.pt_20260615_222203,blocked,,,0,0,0,,False,,False,False,False,,0,,False,0,0,0,0,0,0,blocked,
claude,www.fnac.pt,Electronics retail,https://www.fnac.pt/informatica,2026-06-15T22:38:17,/home/uxray/uxray/code/evidence/www.fnac.pt_20260615_223817,blocked,,,0,0,0,,False,,False,False,False,,0,,False,0,0,0,0,0,0,blocked,
claude,www.footlocker.pt,Unknown,https://www.footlocker.pt,2026-06-15T22:32:30,/home/uxray/uxray/code/evidence/www.footlocker.pt_20260615_223230,blocked,,,0,0,0,,False,,False,False,False,,0,,False,0,0,0,0,0,0,,
claude,www.froiz.pt,Unknown,https://www.froiz.pt,2026-06-15T22:36:40,/home/uxray/uxray/code/evidence/www.froiz.pt_20260615_223640,completed,4.0,Medium,2,2,0,"manipulative_consent,preselection",True,#CybotCookiebotDialog,True,False,True,,17,close_button,True,12,6,285,8,3,5014,,
claude,www.galp.pt,Unknown,https://www.galp.pt,2026-06-15T22:26:01,/home/uxray/uxray/code/evidence/www.galp.pt_20260615_222601,completed,2.5,Low,1,0,1,manipulative_consent,True,#onetrust-banner-sdk,False,False,False,,3,escape_key,False,0,0,119,0,0,3594,,
claude,www.generali.pt,Unknown,https://www.generali.pt,2026-06-15T22:20:01,/home/uxray/uxray/code/evidence/www.generali.pt_20260615_222001,blocked,,,0,0,0,,False,,False,False,False,,0,,False,0,0,0,0,0,0,,
claude,www.glassdoor.pt,Unknown,https://www.glassdoor.pt,2026-06-15T22:28:12,/home/uxray/uxray/code/evidence/www.glassdoor.pt_20260615_222812,failed,,,0,0,0,,False,,False,False,False,,0,,False,0,0,0,0,0,0,,
claude,www.glovo.com,Unknown,https://www.glovo.com/pt/pt,2026-06-15T22:30:47,/home/uxray/uxray/code/evidence/www.glovo.com_20260615_223047,completed,2.0,Low,1,0,1,urgency_scarcity,False,,False,False,False,,0,,False,0,0,1,0,0,1599,,
claude,www.goldcar.pt,Unknown,https://www.goldcar.pt,2026-06-15T22:35:10,/home/uxray/uxray/code/evidence/www.goldcar.pt_20260615_223510,failed,,,0,0,0,,False,,False,False,False,,0,,False,0,0,0,0,0,0,,
claude,www.guess.eu,Unknown,https://www.guess.eu/pt-pt,2026-06-15T22:41:54,/home/uxray/uxray/code/evidence/www.guess.eu_20260615_224154,completed,2.5,Low,1,0,1,manipulative_consent,False,,False,False,False,,0,,False,0,0,195,0,2,1258,,
claude,www.hamleys.pt,Unknown,https://www.hamleys.pt,2026-06-15T22:36:57,/home/uxray/uxray/code/evidence/www.hamleys.pt_20260615_223657,failed,,,0,0,0,,False,,False,False,False,,0,,False,0,0,0,0,0,0,,
claude,www.hays.pt,Unknown,https://www.hays.pt,2026-06-15T22:36:21,/home/uxray/uxray/code/evidence/www.hays.pt_20260615_223621,blocked,,,0,0,0,,False,,False,False,False,,0,,False,0,0,0,0,0,0,,
claude,www.herbalife.com,Unknown,https://www.herbalife.com/pt-pt,2026-06-15T22:33:29,/home/uxray/uxray/code/evidence/www.herbalife.com_20260615_223329,completed,2.5,Low,1,0,1,manipulative_consent,False,,False,False,False,,0,,False,0,0,410,0,0,6822,,
claude,www.hertz.pt,Unknown,https://www.hertz.pt,2026-06-15T22:35:12,/home/uxray/uxray/code/evidence/www.hertz.pt_20260615_223512,blocked,,,0,0,0,,False,,False,False,False,,0,,False,0,0,0,0,0,0,,
claude,www.hotels.com,Unknown,https://www.hotels.com/pt,2026-06-15T22:34:24,/home/uxray/uxray/code/evidence/www.hotels.com_20260615_223424,failed,,,0,0,0,,False,,False,False,False,,0,,False,0,0,0,0,0,0,,
claude,www.huawei.com,Unknown,https://www.huawei.com/pt,2026-06-15T22:32:22,/home/uxray/uxray/code/evidence/www.huawei.com_20260615_223222,completed,2.5,Low,1,0,1,manipulative_consent,False,,False,False,False,,0,,False,0,0,249,0,0,1892,,
claude,www.iberdrola.pt,Unknown,https://www.iberdrola.pt,2026-06-15T22:26:17,/home/uxray/uxray/code/evidence/www.iberdrola.pt_20260615_222617,completed,0.0,None detected,0,0,0,,False,,False,False,False,,0,,False,0,0,0,0,0,198,,
claude,www.ikea.com,Unknown,https://www.ikea.com/pt,2026-06-15T22:28:14,/home/uxray/uxray/code/evidence/www.ikea.com_20260615_222814,completed,8.0,High,4,0,4,"manipulative_consent,obstruction,preselection,urgency_scarcity",True,#onetrust-banner-sdk,True,True,False,1.0,3,reject_all,False,0,0,285,4,1,8600,,
claude,www.imovirtual.com,Unknown,https://www.imovirtual.com,2026-06-15T22:26:57,/home/uxray/uxray/code/evidence/www.imovirtual.com_20260615_222657,blocked,,,0,0,0,,False,,False,False,False,,0,,False,0,0,0,0,0,0,,
claude,www.intermarche.pt,Unknown,https://www.intermarche.pt,2026-06-15T22:21:51,/home/uxray/uxray/code/evidence/www.intermarche.pt_20260615_222151,blocked,,,0,0,0,,False,,False,False,False,,0,,False,0,0,0,0,0,0,,
claude,www.iol.pt,Unknown,https://www.iol.pt,2026-06-15T22:51:16,/home/uxray/uxray/code/evidence/www.iol.pt_20260615_225116,completed,10.0,High,5,1,4,"confirm_shaming,manipulative_consent,obstruction,preselection",True,[aria-label*='consent' i],False,False,True,,8,escape_key,True,435,98,1314,98,1,32768,,
claude,www.ipp.pt,Unknown,https://www.ipp.pt,2026-06-15T22:31:19,/home/uxray/uxray/code/evidence/www.ipp.pt_20260615_223119,blocked,,,0,0,0,,False,,False,False,False,,0,,False,0,0,0,0,0,0,,
claude,www.iscte-iul.pt,Unknown,https://www.iscte-iul.pt,2026-06-15T22:30:52,/home/uxray/uxray/code/evidence/www.iscte-iul.pt_20260615_223052,completed,6.5,Medium,3,0,3,"manipulative_consent,preselection",False,,False,False,False,,0,,False,0,0,205,1,0,5440,,
claude,www.jn.pt,Unknown,https://www.jn.pt,2026-06-15T22:24:17,/home/uxray/uxray/code/evidence/www.jn.pt_20260615_222417,completed,2.5,Low,1,0,1,manipulative_consent,False,,False,False,False,,0,,False,0,0,129,0,2,2701,,
claude,www.jornaldenegocios.pt,Unknown,https://www.jornaldenegocios.pt,2026-06-15T22:51:39,/home/uxray/uxray/code/evidence/www.jornaldenegocios.pt_20260615_225139,completed,4.5,Medium,2,0,2,"manipulative_consent,obstruction",False,,False,False,False,,0,,False,0,0,593,0,2,14401,,
claude,www.jumbo.pt,Unknown,https://www.jumbo.pt,2026-06-15T22:31:55,/home/uxray/uxray/code/evidence/www.jumbo.pt_20260615_223155,failed,,,0,0,0,,False,,False,False,False,,0,,False,0,0,0,0,0,0,,
claude,www.kiabi.pt,Unknown,https://www.kiabi.pt,2026-06-15T22:46:40,/home/uxray/uxray/code/evidence/www.kiabi.pt_20260615_224640,blocked,,,0,0,0,,False,,False,False,False,,0,,False,0,0,0,0,0,0,,
claude,www.lacoste.com,Unknown,https://www.lacoste.com/pt,2026-06-15T22:40:17,/home/uxray/uxray/code/evidence/www.lacoste.com_20260615_224017,completed,0.0,None detected,0,0,0,,False,,False,False,False,,0,,False,0,0,0,0,0,199,,
claude,www.lanidor.pt,Unknown,https://www.lanidor.pt,2026-06-15T22:29:41,/home/uxray/uxray/code/evidence/www.lanidor.pt_20260615_222941,completed,2.5,Low,1,0,1,manipulative_consent,True,[aria-label*='privacidade' i],False,False,False,,0,escape_key,False,0,0,451,0,1,6359,,
claude,www.lego.com,Unknown,https://www.lego.com/pt-pt,2026-06-15T22:37:58,/home/uxray/uxray/code/evidence/www.lego.com_20260615_223758,completed,4.5,Medium,2,0,2,"manipulative_consent,urgency_scarcity",False,,False,False,False,,0,,False,0,0,777,0,2,6439,,
claude,www.leroy-merlin.pt,Unknown,https://www.leroy-merlin.pt,2026-06-15T22:31:49,/home/uxray/uxray/code/evidence/www.leroy-merlin.pt_20260615_223149,failed,,,0,0,0,,False,,False,False,False,,0,,False,0,0,0,0,0,0,,
claude,www.lg.com,Unknown,https://www.lg.com/pt,2026-06-15T22:38:35,/home/uxray/uxray/code/evidence/www.lg.com_20260615_223835,completed,0.0,None detected,0,0,0,,False,,False,False,False,,0,,False,0,0,0,0,0,194,,
claude,www.lidl.pt,Supermarket,https://www.lidl.pt,2026-06-15T22:21:28,/home/uxray/uxray/code/evidence/www.lidl.pt_20260615_222128,completed,4.5,Medium,2,0,2,"manipulative_consent,obstruction",True,#onetrust-banner-sdk,False,False,True,,3,escape_key,True,8,0,270,0,2,3577,suspected,obstruction
claude,www.lifecooler.com,Unknown,https://www.lifecooler.com,2026-06-15T22:50:53,/home/uxray/uxray/code/evidence/www.lifecooler.com_20260615_225053,blocked,,,0,0,0,,False,,False,False,False,,0,,False,0,0,0,0,0,0,,
claude,www.liu-jo.com,Unknown,https://www.liu-jo.com/pt-pt,2026-06-15T22:43:04,/home/uxray/uxray/code/evidence/www.liu-jo.com_20260615_224304,failed,,,0,0,0,,False,,False,False,False,,0,,False,0,0,0,0,0,0,,
claude,www.longchamp.com,Unknown,https://www.longchamp.com/pt,2026-06-15T22:33:09,/home/uxray/uxray/code/evidence/www.longchamp.com_20260615_223309,completed,6.5,Medium,3,0,3,"manipulative_consent,obstruction,urgency_scarcity",False,,False,False,False,,0,,False,0,0,371,0,2,3885,,
claude,www.luz.pt,Unknown,https://www.luz.pt,2026-06-15T22:26:52,/home/uxray/uxray/code/evidence/www.luz.pt_20260615_222652,failed,,,0,0,0,,False,,False,False,False,,0,,False,0,0,0,0,0,0,,
claude,www.maisnoticias.pt,Unknown,https://www.maisnoticias.pt,2026-06-15T22:51:38,/home/uxray/uxray/code/evidence/www.maisnoticias.pt_20260615_225138,failed,,,0,0,0,,False,,False,False,False,,0,,False,0,0,0,0,0,0,,
claude,www.majorica.com,Unknown,https://www.majorica.com/pt,2026-06-15T22:42:48,/home/uxray/uxray/code/evidence/www.majorica.com_20260615_224248,blocked,,,0,0,0,,False,,False,False,False,,0,,False,0,0,0,0,0,0,,
claude,www.mango.com,Unknown,https://www.mango.com/pt,2026-06-15T22:29:03,/home/uxray/uxray/code/evidence/www.mango.com_20260615_222903,completed,0.0,None detected,0,0,0,,False,,False,False,False,,0,,False,0,0,0,0,0,197,,
claude,www.manpower.pt,Unknown,https://www.manpower.pt,2026-06-15T22:36:07,/home/uxray/uxray/code/evidence/www.manpower.pt_20260615_223607,completed,2.5,Low,1,0,1,manipulative_consent,True,[aria-label*='privacidade' i],False,False,False,,0,escape_key,False,0,0,123,0,1,5579,,
claude,www.mapfre.pt,Unknown,https://www.mapfre.pt,2026-06-15T22:20:08,/home/uxray/uxray/code/evidence/www.mapfre.pt_20260615_222008,blocked,,,0,0,0,,False,,False,False,False,,0,,False,0,0,0,0,0,0,,
claude,www.massimo-dutti.com,Unknown,https://www.massimo-dutti.com/pt,2026-06-15T22:44:47,/home/uxray/uxray/code/evidence/www.massimo-dutti.com_20260615_224447,completed,0.0,None detected,0,0,0,,False,,False,False,False,,0,,False,0,0,0,0,0,229,,
claude,www.mattel.com,Unknown,https://www.mattel.com/pt-pt,2026-06-15T22:38:05,/home/uxray/uxray/code/evidence/www.mattel.com_20260615_223805,completed,2.5,Low,1,0,1,manipulative_consent,False,,False,False,False,,0,,False,0,0,266,0,0,5237,,
claude,www.maxima.pt,Unknown,https://www.maxima.pt,2026-06-15T22:50:32,/home/uxray/uxray/code/evidence/www.maxima.pt_20260615_225032,blocked,,,0,0,0,,False,,False,False,False,,0,,False,0,0,0,0,0,0,,
claude,www.mediamarkt.pt,Unknown,https://www.mediamarkt.pt,2026-06-15T22:32:16,/home/uxray/uxray/code/evidence/www.mediamarkt.pt_20260615_223216,blocked,,,0,0,0,,False,,False,False,False,,0,,False,0,0,0,0,0,0,,
claude,www.meo.pt,Telecom,https://www.meo.pt,2026-06-15T22:20:14,/home/uxray/uxray/code/evidence/www.meo.pt_20260615_222014,completed,4.5,Medium,2,0,2,"manipulative_consent,obstruction",True,[role='dialog'][aria-modal='true'],False,False,True,,2,escape_key,True,0,0,423,0,1,8507,inconclusive,
claude,www.meo.pt,Telecom,https://www.meo.pt/tv,2026-06-15T22:31:38,/home/uxray/uxray/code/evidence/www.meo.pt_20260615_223138,completed,4.5,Medium,2,0,2,"manipulative_consent,obstruction",True,[role='dialog'][aria-modal='true'],False,False,True,,2,escape_key,True,0,0,396,0,1,8351,inconclusive,
claude,www.michaelpage.pt,Unknown,https://www.michaelpage.pt,2026-06-15T22:36:25,/home/uxray/uxray/code/evidence/www.michaelpage.pt_20260615_223625,completed,2.5,Low,1,0,1,manipulative_consent,False,,False,False,False,,0,,False,0,0,283,0,2,3059,,
claude,www.millenniumbcp.pt,Banking,https://www.millenniumbcp.pt,2026-06-15T22:18:16,/home/uxray/uxray/code/evidence/www.millenniumbcp.pt_20260615_221816,completed,4.5,Medium,2,1,1,"interface_interference,manipulative_consent",True,#onetrust-banner-sdk,True,True,True,1.52,3,escape_key,True,9,0,646,0,0,4973,suspected,interface_interference
claude,www.minipreco.pt,Unknown,https://www.minipreco.pt,2026-06-15T22:21:50,/home/uxray/uxray/code/evidence/www.minipreco.pt_20260615_222150,failed,,,0,0,0,,False,,False,False,False,,0,,False,0,0,0,0,0,0,,
claude,www.montepio.pt,Unknown,https://www.montepio.pt,2026-06-15T22:18:59,/home/uxray/uxray/code/evidence/www.montepio.pt_20260615_221859,completed,2.5,Low,1,1,0,manipulative_consent,True,#onetrust-banner-sdk,True,False,False,,3,escape_key,False,0,0,143,0,0,5391,,
claude,www.motivi.com,Unknown,https://www.motivi.com/pt,2026-06-15T22:46:32,/home/uxray/uxray/code/evidence/www.motivi.com_20260615_224632,completed,6.0,Medium,3,1,2,"manipulative_consent,preselection,urgency_scarcity",True,#CybotCookiebotDialog,True,False,False,,64,escape_key,False,0,0,393,2,6,1803,,
claude,www.myprotein.com,Unknown,https://www.myprotein.com/pt-pt,2026-06-15T22:33:25,/home/uxray/uxray/code/evidence/www.myprotein.com_20260615_223325,blocked,,,0,0,0,,False,,False,False,False,,0,,False,0,0,0,0,0,0,,
claude,www.natgeo.pt,Unknown,https://www.natgeo.pt,2026-06-15T22:49:12,/home/uxray/uxray/code/evidence/www.natgeo.pt_20260615_224912,completed,0.0,None detected,0,0,0,,False,,False,False,False,,0,,False,0,0,0,0,0,205,,
claude,www.nationalgeographic.pt,Unknown,https://www.nationalgeographic.pt,2026-06-15T22:49:47,/home/uxray/uxray/code/evidence/www.nationalgeographic.pt_20260615_224947,completed,0.0,None detected,0,0,0,,False,,False,False,False,,0,,False,0,0,0,0,0,205,,
claude,www.nespresso.com,Unknown,https://www.nespresso.com/pt,2026-06-15T22:32:00,/home/uxray/uxray/code/evidence/www.nespresso.com_20260615_223200,failed,,,0,0,0,,False,,False,False,False,,0,,False,0,0,0,0,0,0,,
claude,www.net-empregos.com,Unknown,https://www.net-empregos.com,2026-06-15T22:27:58,/home/uxray/uxray/code/evidence/www.net-empregos.com_20260615_222758,completed,4.0,Medium,2,1,1,"manipulative_consent,preselection",True,#CybotCookiebotDialog,True,False,False,,26,escape_key,False,0,0,4245,1305,1,3851,,
claude,www.newlook.com,Unknown,https://www.newlook.com/pt,2026-06-15T22:46:51,/home/uxray/uxray/code/evidence/www.newlook.com_20260615_224651,blocked,,,0,0,0,,False,,False,False,False,,0,,False,0,0,0,0,0,0,,
claude,www.nos.pt,Telecom,https://www.nos.pt,2026-06-15T22:20:26,/home/uxray/uxray/code/evidence/www.nos.pt_20260615_222026,blocked,,,0,0,0,,False,,False,False,False,,0,,False,0,0,0,0,0,0,blocked,
claude,www.noticiasaominuto.com,Unknown,https://www.noticiasaominuto.com,2026-06-15T22:51:04,/home/uxray/uxray/code/evidence/www.noticiasaominuto.com_20260615_225104,completed,4.5,Medium,2,0,2,"manipulative_consent,obstruction",True,[role='dialog'][aria-modal='true'],False,False,True,,2,escape_key,True,3,0,91,0,2,2035,,
claude,www.novobanco.pt,Unknown,https://www.novobanco.pt,2026-06-15T22:18:37,/home/uxray/uxray/code/evidence/www.novobanco.pt_20260615_221837,completed,2.5,Low,1,0,1,manipulative_consent,True,#onetrust-banner-sdk,True,True,False,1.0,3,reject_all,False,0,0,1173,0,2,5308,,
claude,www.nowo.pt,Unknown,https://www.nowo.pt,2026-06-15T22:20:48,/home/uxray/uxray/code/evidence/www.nowo.pt_20260615_222048,completed,4.0,Medium,2,2,0,"manipulative_consent,preselection",True,#CybotCookiebotDialog,True,False,True,,23,close_button,True,11,7,129,9,1,3604,,
claude,www.observador.pt,Unknown,https://www.observador.pt,2026-06-15T22:24:23,/home/uxray/uxray/code/evidence/www.observador.pt_20260615_222423,completed,4.5,Medium,2,0,2,"manipulative_consent,obstruction",True,[role='dialog'][aria-modal='true'],False,False,True,,2,escape_key,True,0,0,785,0,4,27263,,
claude,www.olx.pt,Unknown,https://www.olx.pt,2026-06-15T22:27:46,/home/uxray/uxray/code/evidence/www.olx.pt_20260615_222746,completed,4.0,Medium,2,1,1,"manipulative_consent,preselection",True,#onetrust-banner-sdk,True,False,True,,4,escape_key,True,25,0,240,1,1,6133,,
claude,www.oysho.com,Unknown,https://www.oysho.com/pt,2026-06-15T22:45:22,/home/uxray/uxray/code/evidence/www.oysho.com_20260615_224522,completed,0.0,None detected,0,0,0,,False,,False,False,False,,0,,False,0,0,0,0,0,197,,
claude,www.pandora.net,Unknown,https://www.pandora.net/pt-pt,2026-06-15T22:42:00,/home/uxray/uxray/code/evidence/www.pandora.net_20260615_224200,completed,2.5,Low,1,0,1,manipulative_consent,False,,False,False,False,,0,,False,0,0,248,0,1,4050,,
claude,www.parfois.com,Unknown,https://www.parfois.com,2026-06-15T22:29:37,/home/uxray/uxray/code/evidence/www.parfois.com_20260615_222937,blocked,,,0,0,0,,False,,False,False,False,,0,,False,0,0,0,0,0,0,,
claude,www.pccomponentes.pt,Unknown,https://www.pccomponentes.pt,2026-06-15T22:38:20,/home/uxray/uxray/code/evidence/www.pccomponentes.pt_20260615_223820,completed,2.5,Low,1,0,1,manipulative_consent,False,,False,False,False,,0,,False,0,0,697,0,2,4231,,
claude,www.philips.pt,Unknown,https://www.philips.pt,2026-06-15T22:39:09,/home/uxray/uxray/code/evidence/www.philips.pt_20260615_223909,completed,4.5,Medium,2,0,2,"manipulative_consent,obstruction",True,[aria-label*='cookie' i],False,False,False,,0,escape_key,False,0,0,227,0,1,3366,,
claude,www.pingo-doce.pt,Unknown,https://www.pingo-doce.pt,2026-06-15T22:31:56,/home/uxray/uxray/code/evidence/www.pingo-doce.pt_20260615_223156,failed,,,0,0,0,,False,,False,False,False,,0,,False,0,0,0,0,0,0,,
claude,www.pingodoce.pt,Supermarket,https://www.pingodoce.pt,2026-06-15T22:21:17,/home/uxray/uxray/code/evidence/www.pingodoce.pt_20260615_222117,completed,3.5,Low,2,0,2,"interface_interference,manipulative_consent",True,#onetrust-banner-sdk,True,True,False,1.2,3,reject_all,False,0,0,920,0,2,8456,none,
claude,www.portaldasfinancas.gov.pt,Unknown,https://www.portaldasfinancas.gov.pt,2026-06-15T22:31:26,/home/uxray/uxray/code/evidence/www.portaldasfinancas.gov.pt_20260615_223126,completed,2.5,Low,1,0,1,manipulative_consent,False,,False,False,False,,0,,False,0,0,44,0,1,858,,
claude,www.primark.com,Unknown,https://www.primark.com/pt-pt,2026-06-15T22:28:25,/home/uxray/uxray/code/evidence/www.primark.com_20260615_222825,completed,0.0,None detected,0,0,0,,False,,False,False,False,,0,,False,0,0,0,0,0,0,,
claude,www.prozis.com,Unknown,https://www.prozis.com,2026-06-15T22:33:14,/home/uxray/uxray/code/evidence/www.prozis.com_20260615_223314,completed,4.0,Medium,2,1,1,"manipulative_consent,preselection",True,#CybotCookiebotDialog,True,False,False,,22,escape_key,False,0,0,65,2,0,1997,,
claude,www.publico.pt,News,https://www.publico.pt,2026-06-15T22:24:03,/home/uxray/uxray/code/evidence/www.publico.pt_20260615_222403,blocked,,,0,0,0,,False,,False,False,False,,0,,False,0,0,0,0,0,0,blocked,
claude,www.pullandbear.com,Unknown,https://www.pullandbear.com/pt,2026-06-15T22:44:13,/home/uxray/uxray/code/evidence/www.pullandbear.com_20260615_224413,completed,0.0,None detected,0,0,0,,False,,False,False,False,,0,,False,0,0,0,0,0,203,,
claude,www.radiopopular.pt,Electronics retail,https://www.radiopopular.pt,2026-06-15T22:22:06,/home/uxray/uxray/code/evidence/www.radiopopular.pt_20260615_222206,completed,2.5,Low,1,0,1,manipulative_consent,True,[aria-label*='privacidade' i],False,False,False,,0,escape_key,False,0,0,2399,0,1,11196,inconclusive,
claude,www.ralph-lauren.pt,Unknown,https://www.ralph-lauren.pt,2026-06-15T22:40:51,/home/uxray/uxray/code/evidence/www.ralph-lauren.pt_20260615_224051,failed,,,0,0,0,,False,,False,False,False,,0,,False,0,0,0,0,0,0,,
claude,www.randstad.pt,Unknown,https://www.randstad.pt,2026-06-15T22:36:01,/home/uxray/uxray/code/evidence/www.randstad.pt_20260615_223601,completed,2.5,Low,1,0,1,manipulative_consent,False,,False,False,False,,0,,False,0,0,331,0,3,5637,,
claude,www.record.pt,Unknown,https://www.record.pt,2026-06-15T22:24:49,/home/uxray/uxray/code/evidence/www.record.pt_20260615_222449,completed,10.0,High,5,1,4,"manipulative_consent,obstruction,preselection",True,[aria-label*='consent' i],False,False,True,,8,escape_key,True,424,105,1930,105,1,38361,,
claude,www.remax.pt,Unknown,https://www.remax.pt,2026-06-15T22:27:09,/home/uxray/uxray/code/evidence/www.remax.pt_20260615_222709,blocked,,,0,0,0,,False,,False,False,False,,0,,False,0,0,0,0,0,0,,
claude,www.reuters.com,Unknown,https://www.reuters.com,2026-06-15T22:53:14,/home/uxray/uxray/code/evidence/www.reuters.com_20260615_225314,blocked,,,0,0,0,,False,,False,False,False,,0,,False,0,0,0,0,0,0,,
claude,www.rr.pt,Unknown,https://www.rr.pt,2026-06-15T22:51:31,/home/uxray/uxray/code/evidence/www.rr.pt_20260615_225131,blocked,,,0,0,0,,False,,False,False,False,,0,,False,0,0,0,0,0,0,,
claude,www.rtp.pt,Media / Streaming,https://www.rtp.pt,2026-06-15T22:25:22,/home/uxray/uxray/code/evidence/www.rtp.pt_20260615_222522,completed,2.5,Low,1,0,1,manipulative_consent,True,#didomi-popup,False,False,False,,3,close_button,False,0,0,239,0,1,3669,suspected,"manipulative_consent,obstruction"
claude,www.ryanair.com,Unknown,https://www.ryanair.com,2026-06-15T22:23:18,/home/uxray/uxray/code/evidence/www.ryanair.com_20260615_222318,completed,4.0,Medium,2,0,2,"manipulative_consent,preselection",False,,False,False,False,,0,,False,0,0,99,1,1,3490,,
claude,www.ryanair.com,Unknown,https://www.ryanair.com/pt/pt,2026-06-15T22:34:26,/home/uxray/uxray/code/evidence/www.ryanair.com_20260615_223426,completed,4.0,Medium,2,0,2,"manipulative_consent,preselection",False,,False,False,False,,0,,False,0,0,99,1,1,3490,,
claude,www.sabado.pt,Unknown,https://www.sabado.pt,2026-06-15T22:50:26,/home/uxray/uxray/code/evidence/www.sabado.pt_20260615_225026,blocked,,,0,0,0,,False,,False,False,False,,0,,False,0,0,0,0,0,0,,
claude,www.salsa-jeans.com,Unknown,https://www.salsa-jeans.com,2026-06-15T22:29:50,/home/uxray/uxray/code/evidence/www.salsa-jeans.com_20260615_222950,failed,,,0,0,0,,False,,False,False,False,,0,,False,0,0,0,0,0,0,,
claude,www.samsung.com,Unknown,https://www.samsung.com/pt,2026-06-15T22:32:06,/home/uxray/uxray/code/evidence/www.samsung.com_20260615_223206,completed,2.5,Low,1,0,1,manipulative_consent,True,#truste-consent-track,False,False,False,,3,escape_key,False,0,0,397,0,7,6349,,
claude,www.santaluzia.pt,Unknown,https://www.santaluzia.pt,2026-06-15T22:26:51,/home/uxray/uxray/code/evidence/www.santaluzia.pt_20260615_222651,failed,,,0,0,0,,False,,False,False,False,,0,,False,0,0,0,0,0,0,,
claude,www.santander.pt,Unknown,https://www.santander.pt,2026-06-15T22:18:45,/home/uxray/uxray/code/evidence/www.santander.pt_20260615_221845,completed,4.5,Medium,2,0,2,"manipulative_consent,obstruction",True,#onetrust-banner-sdk,False,False,False,,4,close_button,False,0,0,401,0,2,5749,,
claude,www.sapo.pt,Media / Portal,https://www.sapo.pt,2026-06-15T22:25:05,/home/uxray/uxray/code/evidence/www.sapo.pt_20260615_222505,completed,2.5,Low,1,0,1,manipulative_consent,False,,False,False,False,,0,,False,0,0,768,0,1,15557,inconclusive,
claude,www.seg-social.pt,Unknown,https://www.seg-social.pt,2026-06-15T22:31:30,/home/uxray/uxray/code/evidence/www.seg-social.pt_20260615_223130,completed,2.5,Low,1,0,1,manipulative_consent,True,[class*='cookie-banner'],False,False,False,,1,escape_key,False,0,0,81,0,1,3533,,
claude,www.shein.com,Unknown,https://www.shein.com/pt,2026-06-15T22:48:29,/home/uxray/uxray/code/evidence/www.shein.com_20260615_224829,completed,4.5,Medium,2,0,2,"manipulative_consent,obstruction",True,[role='dialog'][aria-modal='true'],False,False,False,,2,escape_key,False,0,0,98,0,1,1550,,
claude,www.sic.pt,Unknown,https://www.sic.pt,2026-06-15T22:25:31,/home/uxray/uxray/code/evidence/www.sic.pt_20260615_222531,blocked,,,0,0,0,,False,,False,False,False,,0,,False,0,0,0,0,0,0,,
claude,www.siemens-home.com,Unknown,https://www.siemens-home.com/pt,2026-06-15T22:39:54,/home/uxray/uxray/code/evidence/www.siemens-home.com_20260615_223954,completed,2.5,Low,1,0,1,manipulative_consent,True,[role='dialog'][aria-modal='true'],True,True,True,0.97,4,escape_key,True,0,0,80,0,0,2863,,
claude,www.sitel.pt,Unknown,https://www.sitel.pt,2026-06-15T22:35:26,/home/uxray/uxray/code/evidence/www.sitel.pt_20260615_223526,completed,0.0,None detected,0,0,0,,False,,False,False,False,,0,,False,0,0,0,0,0,0,,
claude,www.sol.pt,Unknown,https://www.sol.pt,2026-06-15T22:25:21,/home/uxray/uxray/code/evidence/www.sol.pt_20260615_222521,failed,,,0,0,0,,False,,False,False,False,,0,,False,0,0,0,0,0,0,,
claude,www.sport-zone.pt,Unknown,https://www.sport-zone.pt,2026-06-15T22:32:28,/home/uxray/uxray/code/evidence/www.sport-zone.pt_20260615_223228,failed,,,0,0,0,,False,,False,False,False,,0,,False,0,0,0,0,0,0,,
claude,www.sportzone.pt,Unknown,https://www.sportzone.pt,2026-06-15T22:22:23,/home/uxray/uxray/code/evidence/www.sportzone.pt_20260615_222223,completed,0.0,None detected,0,0,0,,False,,False,False,False,,0,,False,0,0,0,0,0,202,,
claude,www.springfield.pt,Unknown,https://www.springfield.pt,2026-06-15T22:46:30,/home/uxray/uxray/code/evidence/www.springfield.pt_20260615_224630,failed,,,0,0,0,,False,,False,False,False,,0,,False,0,0,0,0,0,0,,
claude,www.standvirtual.com,Unknown,https://www.standvirtual.com,2026-06-15T22:27:41,/home/uxray/uxray/code/evidence/www.standvirtual.com_20260615_222741,blocked,,,0,0,0,,False,,False,False,False,,0,,False,0,0,0,0,0,0,,
claude,www.stradivarius.com,Unknown,https://www.stradivarius.com/pt,2026-06-15T22:43:06,/home/uxray/uxray/code/evidence/www.stradivarius.com_20260615_224306,completed,0.0,None detected,0,0,0,,False,,False,False,False,,0,,False,0,0,0,0,0,204,,
claude,www.supercasa.pt,Unknown,https://www.supercasa.pt,2026-06-15T22:27:34,/home/uxray/uxray/code/evidence/www.supercasa.pt_20260615_222734,completed,2.5,Low,1,0,1,manipulative_consent,True,[role='dialog'][aria-modal='true'],False,False,False,,2,close_button,False,0,0,281,0,1,4540,,
claude,www.swarovski.com,Unknown,https://www.swarovski.com/pt_PT,2026-06-15T22:42:07,/home/uxray/uxray/code/evidence/www.swarovski.com_20260615_224207,completed,0.0,None detected,0,0,0,,False,,False,False,False,,0,,False,0,0,0,0,0,204,,
claude,www.timberland.pt,Unknown,https://www.timberland.pt,2026-06-15T22:32:36,/home/uxray/uxray/code/evidence/www.timberland.pt_20260615_223236,completed,0.0,None detected,0,0,0,,False,,False,False,False,,0,,False,0,0,0,0,0,199,,
claude,www.timeout.pt,Unknown,https://www.timeout.pt/lisboa,2026-06-15T22:50:44,/home/uxray/uxray/code/evidence/www.timeout.pt_20260615_225044,completed,2.5,Low,1,0,1,manipulative_consent,True,[role='dialog'][aria-modal='true'],False,False,False,,0,escape_key,False,0,0,265,0,4,7164,,
claude,www.tommyhilfiger.pt,Unknown,https://www.tommyhilfiger.pt,2026-06-15T22:40:52,/home/uxray/uxray/code/evidence/www.tommyhilfiger.pt_20260615_224052,failed,,,0,0,0,,False,,False,False,False,,0,,False,0,0,0,0,0,0,,
claude,www.tous.com,Unknown,https://www.tous.com/pt-pt,2026-06-15T22:42:41,/home/uxray/uxray/code/evidence/www.tous.com_20260615_224241,completed,2.5,Low,1,0,1,manipulative_consent,False,,False,False,False,,0,,False,0,0,350,0,3,1777,,
claude,www.tranquilidade.pt,Unknown,https://www.tranquilidade.pt,2026-06-15T22:19:48,/home/uxray/uxray/code/evidence/www.tranquilidade.pt_20260615_221948,blocked,,,0,0,0,,False,,False,False,False,,0,,False,0,0,0,0,0,0,,
claude,www.trivago.pt,Unknown,https://www.trivago.pt,2026-06-15T22:23:57,/home/uxray/uxray/code/evidence/www.trivago.pt_20260615_222357,completed,0.0,None detected,0,0,0,,False,,False,False,False,,0,,False,0,0,3,0,0,238,,
claude,www.trivago.pt,Unknown,https://www.trivago.pt,2026-06-15T22:34:21,/home/uxray/uxray/code/evidence/www.trivago.pt_20260615_223421,completed,0.0,None detected,0,0,0,,False,,False,False,False,,0,,False,0,0,3,0,0,238,,
claude,www.trofa.pt,Unknown,https://www.trofa.pt,2026-06-15T22:26:53,/home/uxray/uxray/code/evidence/www.trofa.pt_20260615_222653,completed,0.0,None detected,0,0,0,,False,,False,False,False,,0,,False,0,0,2,0,0,26,,
claude,www.tsf.pt,Unknown,https://www.tsf.pt,2026-06-15T22:25:15,/home/uxray/uxray/code/evidence/www.tsf.pt_20260615_222515,completed,2.5,Low,1,0,1,manipulative_consent,False,,False,False,False,,0,,False,0,0,91,0,2,1644,,
claude,www.tvi.pt,Unknown,https://www.tvi.pt,2026-06-15T22:25:35,/home/uxray/uxray/code/evidence/www.tvi.pt_20260615_222535,completed,8.5,High,4,1,3,"manipulative_consent,obstruction,preselection",True,[aria-label*='consent' i],False,False,True,,8,escape_key,True,435,98,1297,98,2,26368,,
claude,www.uber.com,Unknown,https://www.uber.com/pt,2026-06-15T22:34:05,/home/uxray/uxray/code/evidence/www.uber.com_20260615_223405,blocked,,,0,0,0,,False,,False,False,False,,0,,False,0,0,0,0,0,0,,
claude,www.ubereats.com,Unknown,https://www.ubereats.com/pt,2026-06-15T22:30:41,/home/uxray/uxray/code/evidence/www.ubereats.com_20260615_223041,blocked,,,0,0,0,,False,,False,False,False,,0,,False,0,0,0,0,0,0,,
claude,www.uc.pt,Unknown,https://www.uc.pt,2026-06-15T22:31:05,/home/uxray/uxray/code/evidence/www.uc.pt_20260615_223105,completed,2.5,Low,1,0,1,manipulative_consent,False,,False,False,False,,0,,False,0,0,168,0,1,3314,,
claude,www.unl.pt,Unknown,https://www.unl.pt,2026-06-15T22:31:11,/home/uxray/uxray/code/evidence/www.unl.pt_20260615_223111,completed,4.0,Medium,2,1,1,"manipulative_consent,preselection",True,#CybotCookiebotDialog,True,False,False,,33,escape_key,False,0,0,196,4,2,3388,,
claude,www.uterque.com,Unknown,https://www.uterque.com/pt,2026-06-15T22:45:56,/home/uxray/uxray/code/evidence/www.uterque.com_20260615_224556,completed,0.0,None detected,0,0,0,,False,,False,False,False,,0,,False,0,0,0,0,0,197,,
claude,www.visao.pt,Unknown,https://www.visao.pt,2026-06-15T22:50:21,/home/uxray/uxray/code/evidence/www.visao.pt_20260615_225021,blocked,,,0,0,0,,False,,False,False,False,,0,,False,0,0,0,0,0,0,,
claude,www.vodafone.pt,Telecom,https://www.vodafone.pt,2026-06-15T22:20:31,/home/uxray/uxray/code/evidence/www.vodafone.pt_20260615_222031,blocked,,,0,0,0,,False,,False,False,False,,0,,False,0,0,0,0,0,0,blocked,
claude,www.vogue.pt,Unknown,https://www.vogue.pt,2026-06-15T22:50:36,/home/uxray/uxray/code/evidence/www.vogue.pt_20260615_225036,completed,2.5,Low,1,0,1,manipulative_consent,True,[aria-label*='cookie' i],False,False,False,,0,escape_key,False,0,0,164,0,0,2264,,
claude,www.vueling.com,Unknown,https://www.vueling.com/pt,2026-06-15T22:35:04,/home/uxray/uxray/code/evidence/www.vueling.com_20260615_223504,completed,2.5,Low,1,0,1,manipulative_consent,False,,False,False,False,,0,,False,0,0,163,0,0,2134,,
claude,www.whirlpool.pt,Unknown,https://www.whirlpool.pt,2026-06-15T22:40:07,/home/uxray/uxray/code/evidence/www.whirlpool.pt_20260615_224007,completed,0.0,None detected,0,0,0,,False,,False,False,False,,0,,False,0,0,77,0,1,2029,,
claude,www.wish.com,Unknown,https://www.wish.com,2026-06-15T22:49:06,/home/uxray/uxray/code/evidence/www.wish.com_20260615_224906,blocked,,,0,0,0,,False,,False,False,False,,0,,False,0,0,0,0,0,0,,
claude,www.women-secret.pt,Unknown,https://www.women-secret.pt,2026-06-15T22:46:31,/home/uxray/uxray/code/evidence/www.women-secret.pt_20260615_224631,failed,,,0,0,0,,False,,False,False,False,,0,,False,0,0,0,0,0,0,,
claude,www.worten.pt,Electronics retail,https://www.worten.pt,2026-06-15T22:21:55,/home/uxray/uxray/code/evidence/www.worten.pt_20260615_222155,blocked,,,0,0,0,,False,,False,False,False,,0,,False,0,0,0,0,0,0,confirmed,"interface_interference,manipulative_consent"
claude,www.younited.com,Unknown,https://www.younited.com/pt,2026-06-15T22:30:22,/home/uxray/uxray/code/evidence/www.younited.com_20260615_223022,completed,6.0,Medium,3,0,3,"confirm_shaming,manipulative_consent,obstruction",True,#didomi-popup,False,False,True,,3,escape_key,True,0,0,91,0,1,6562,,
claude,www.zalando.pt,Unknown,https://www.zalando.pt,2026-06-15T22:47:28,/home/uxray/uxray/code/evidence/www.zalando.pt_20260615_224728,failed,,,0,0,0,,False,,False,False,False,,0,,False,0,0,0,0,0,0,,
claude,www.zap.pt,Unknown,https://www.zap.pt,2026-06-15T22:50:59,/home/uxray/uxray/code/evidence/www.zap.pt_20260615_225059,completed,0.0,None detected,0,0,0,,False,,False,False,False,,0,,False,0,0,7,0,0,109,,
claude,www.zara.com,Unknown,https://www.zara.com/pt,2026-06-15T22:28:29,/home/uxray/uxray/code/evidence/www.zara.com_20260615_222829,completed,0.0,None detected,0,0,0,,False,,False,False,False,,0,,False,0,0,0,0,0,196,,
claude,www.zippy.com,Unknown,https://www.zippy.com,2026-06-15T22:29:52,/home/uxray/uxray/code/evidence/www.zippy.com_20260615_222952,completed,2.5,Low,1,0,1,manipulative_consent,False,,False,False,False,,0,,False,0,0,166,0,2,4195,,
claude,www.zomato.com,Unknown,https://www.zomato.com/pt,2026-06-15T22:30:51,/home/uxray/uxray/code/evidence/www.zomato.com_20260615_223051,failed,,,0,0,0,,False,,False,False,False,,0,,False,0,0,0,0,0,0,,
claude,www.zurich.pt,Unknown,https://www.zurich.pt,2026-06-15T22:20:07,/home/uxray/uxray/code/evidence/www.zurich.pt_20260615_222007,failed,,,0,0,0,,False,,False,False,False,,0,,False,0,0,0,0,0,0,,
